"shift","load","timestamp_iso","time","ore","tonnes","interval_s","cumulative_t","trucks","excavators","loaders"
"shift","1","2026-09-14T23:03:29.940Z","07:03:29","Marawuwung","25.5","","25.5","6","2","2"
"shift","2","2026-09-14T23:14:38.128Z","07:14:38","Marawuwung","25.5","668","51","6","2","2"
"shift","3","2026-09-14T23:17:05.765Z","07:17:05","Araren","25.5","148","76.5","6","2","2"
"shift","4","2026-09-14T23:20:22.032Z","07:20:22","Araren","25.5","196","102","6","2","2"
"shift","5","2026-09-14T23:25:15.980Z","07:25:15","Araren","25.5","294","127.5","6","2","2"
"shift","6","2026-09-14T23:28:39.059Z","07:28:39","Araren","25.5","203","153","6","2","2"
"shift","7","2026-09-14T23:32:38.931Z","07:32:38","Marawuwung","25.5","240","178.5","6","2","2"
"shift","8","2026-09-14T23:35:06.999Z","07:35:06","Araren","25.5","148","204","6","2","2"
"shift","9","2026-09-14T23:40:23.442Z","07:40:23","Araren","25.5","316","229.5","6","2","2"
"shift","10","2026-09-14T23:45:56.853Z","07:45:56","Araren","25.5","333","255","6","2","2"
"shift","11","2026-09-14T23:49:19.162Z","07:49:19","Marawuwung","25.5","202","280.5","6","2","2"
"shift","12","2026-09-14T23:54:24.677Z","07:54:24","Marawuwung","25.5","306","306","6","2","2"
"shift","13","2026-09-14T23:57:21.948Z","07:57:21","Araren","25.5","177","331.5","6","2","2"
"shift","14","2026-09-14T23:59:07.524Z","07:59:07","Araren","25.5","106","357","6","2","2"
"shift","15","2026-09-15T00:05:20.546Z","08:05:20","Toka","25.5","373","382.5","6","2","2"
"shift","16","2026-09-15T00:09:42.818Z","08:09:42","Toka","25.5","262","408","6","2","2"
"shift","17","2026-09-15T00:15:45.865Z","08:15:45","Toka","25.5","363","433.5","6","2","2"
"shift","18","2026-09-15T00:18:46.858Z","08:18:46","Marawuwung","25.5","181","459","6","2","2"
"shift","19","2026-09-15T00:20:54.188Z","08:20:54","Araren","25.5","127","484.5","6","2","2"
"shift","20","2026-09-15T00:24:23.385Z","08:24:23","Araren","25.5","209","510","6","2","2"
"shift","21","2026-09-15T00:28:33.068Z","08:28:33","Araren","25.5","250","535.5","6","2","2"
"shift","22","2026-09-15T00:32:49.605Z","08:32:49","Araren","25.5","257","561","6","2","2"
"shift","23","2026-09-15T00:40:38.736Z","08:40:38","Marawuwung","25.5","469","586.5","6","2","2"
"shift","24","2026-09-15T00:47:52.805Z","08:47:52","Marawuwung","25.5","434","612","6","2","2"
"shift","25","2026-09-15T00:51:32.686Z","08:51:32","Araren","25.5","220","637.5","6","2","2"
"shift","26","2026-09-15T00:57:34.109Z","08:57:34","Araren","25.5","361","663","6","2","2"
"shift","27","2026-09-15T01:03:10.340Z","09:03:10","Araren","25.5","336","688.5","6","2","2"
"shift","28","2026-09-15T01:14:05.335Z","09:14:05","Araren","25.5","655","714","6","2","2"
"shift","29","2026-09-15T01:14:10.997Z","09:14:10","Araren","25.5","6","739.5","6","2","2"
"shift","30","2026-09-15T01:17:23.997Z","09:17:23","Araren","25.5","193","765","6","2","2"
"shift","31","2026-09-15T01:23:49.760Z","09:23:49","Araren","25.5","386","790.5","6","2","2"
"shift","32","2026-09-15T01:23:58.480Z","09:23:58","Araren","25.5","9","816","6","2","2"
"shift","33","2026-09-15T01:30:29.179Z","09:30:29","Marawuwung","25.5","391","841.5","6","2","2"
"shift","34","2026-09-15T01:35:33.921Z","09:35:33","Araren","25.5","305","867","6","2","2"
"shift","35","2026-09-15T01:40:58.704Z","09:40:58","Marawuwung","25.5","325","892.5","6","2","2"
"shift","36","2026-09-15T01:50:39.904Z","09:50:39","Araren","25.5","581","918","6","2","2"
"shift","37","2026-09-15T01:51:46.347Z","09:51:46","Toka","25.5","66","943.5","6","2","2"
"shift","38","2026-09-15T01:56:34.917Z","09:56:34","Toka","25.5","289","969","6","2","2"
"shift","39","2026-09-15T01:59:33.079Z","09:59:33","Araren","25.5","178","994.5","6","2","2"
"shift","40","2026-09-15T02:02:13.442Z","10:02:13","Araren","25.5","160","1020","6","2","2"
"shift","41","2026-09-15T02:07:16.360Z","10:07:16","Araren","25.5","303","1045.5","6","2","2"
"shift","42","2026-09-15T02:12:40.510Z","10:12:40","Araren","25.5","324","1071","6","2","2"
"shift","43","2026-09-15T02:13:49.190Z","10:13:49","Araren","25.5","69","1096.5","6","2","2"
"shift","44","2026-09-15T02:18:04.080Z","10:18:04","Toka","25.5","255","1122","6","2","2"
"shift","45","2026-09-15T02:24:17.428Z","10:24:17","Araren","25.5","373","1147.5","6","2","2"
"shift","46","2026-09-15T02:29:07.124Z","10:29:07","Marawuwung","25.5","290","1173","6","2","2"
"shift","47","2026-09-15T02:30:55.307Z","10:30:55","Araren","25.5","108","1198.5","6","2","2"
"shift","48","2026-09-15T02:37:07.083Z","10:37:07","Toka","25.5","372","1224","6","2","2"
"shift","49","2026-09-15T02:41:49.884Z","10:41:49","Araren","25.5","283","1249.5","6","2","2"
"shift","50","2026-09-15T03:00:47.069Z","11:00:47","Araren","25.5","1137","1275","6","2","2"
"shift","51","2026-09-15T03:24:27.519Z","11:24:27","Araren","25.5","1420","1300.5","6","2","2"
"shift","52","2026-09-15T03:26:09.065Z","11:26:09","Kopra","25.5","102","1326","6","2","2"
"shift","53","2026-09-15T03:26:24.877Z","11:26:24","Toka","25.5","16","1351.5","6","2","2"
"shift","54","2026-09-15T03:26:29.687Z","11:26:29","Marawuwung","25.5","5","1377","6","2","2"
"shift","55","2026-09-15T03:26:34.354Z","11:26:34","Marawuwung","25.5","5","1402.5","6","2","2"
"shift","56","2026-09-15T03:30:17.898Z","11:30:17","Toka","25.5","224","1428","6","2","2"
"shift","57","2026-09-15T03:41:10.838Z","11:41:10","Marawuwung","25.5","653","1453.5","6","2","2"
"shift","58","2026-09-15T03:44:04.745Z","11:44:04","Araren","25.5","174","1479","6","2","2"
"shift","59","2026-09-15T03:50:36.372Z","11:50:36","Toka","25.5","392","1504.5","6","2","2"
"shift","60","2026-09-15T03:56:24.630Z","11:56:24","Araren","25.5","348","1530","6","2","2"

"shift","delay","from_iso","from","reason","length_s","","","","",""
"shift","1","2026-09-15T03:26:50.821Z","11:26:50","No trucks","7","","","","",""

"summary","elapsed_s","delay_s","operating_s","tonnes","tph_elapsed","tph_operating","utilisation","","",""
"shift","17911","7","17904","1530","308","308","1","","",""